idiom,literal_meaning,figurative_meaning,subset,sentence_type,sentence,expected_order,Image1_name,image1_caption,image2_name,image2_caption,image3_name,image3_caption,image4_name,image4_caption,image5_name,image5_caption,,,,,,,,,,,,,,,
add insult to injury,Hurting someone who is already injured.,Making a bad situation even worse by adding humiliation or offense.,Train,idiomatic,"After losing the game, being mocked by the opponents just added insult to injury.","['74935580602.png','30054049763.png','24602386367.png','34666134867.png','48915929819.png']",74935580602.png,"""The image depicts a scene in a park where three individuals are present. One person is lying on the ground, appearing to be in distress, while another person is kneeling beside the individual on the ground, providing support. A third person is standing nearby, gesturing towards the person on the ground. The background shows other people in the park, with trees and a soft, warm light filtering through the leaves. There are some scattered items on the grass near the individuals, including what appears to be a few pieces of paper or cards. The scene suggests an emergency or a situation where someone needs help, making it interesting and relevant due to the apparent urgency and the interaction between the individuals.""",24602386367.png,"A cartoon-style depiction of a defeated player sitting on the ground, shoulders slumped in despair, as the victorious opponents stand nearby, laughing and pointing mockingly. The color palette is simple and earthy, featuring shades of orange, brown, grey, and white. The environment is minimal, keeping the focus on the emotions of frustration and humiliation radiating from the dejected player, contrasted with the exuberant and almost exaggerated expressions of the mockers.",34666134867.png,"""A broken teapot with an orange liquid spilling out of it. The teapot has a large crack on its side, and the liquid is flowing onto the surface below, forming a puddle. There are also a few small cubes and a spoon with some of the orange liquid on it. The scene captures an unexpected mishap, symbolizing a sudden disruption.""",30054049763.png,"A broken ceramic vase with a snake intertwined through the cracks and openings. The vase is white with a ribbed texture and has large, irregular cracks running through it, causing it to break into several pieces. The snake is brightly colored with a pattern of red, black, and white bands, and it appears to be moving through the vase, with parts of its body emerging from different cracks. The broken pieces of the vase are scattered around the base. This image combines the fragility of the ceramic vase with the dynamic and somewhat menacing presence of the snake, creating a striking contrast and a sense of tension.""",48915929819.png,"A single orange spherical object, resembling a basketball, placed on top of a white rectangular block. The background is plain and light-colored, making the orange sphere stand out prominently. The sphere appears rough and worn, with visible cracks and lines, adding an element of interest to the otherwise simple composition. The overall scene is minimalistic, highlighting the contrast between the vibrant orange sphere and the clean white block.""",,,,,,,,,,,,,,,
and all that jazz,Music and jazz-related things.,"Everything related to the topic, etc.",Train,idiomatic,"Definitely a good person, but one could tell she believes in the flower power, power of the people and all that jazz from kilometers away.","['60245327995.png','72227475771.png','69724610964.png','59341711311.png','57484778443.png']",60245327995.png,"A lively jazz band illustration featuring four musicians. The saxophonist, drummer, trumpeter, and another seated saxophonist are depicted with stylized, vibrant orange and brown hues. The energetic performance is accentuated by scattered musical notes and symbols around the image, capturing the essence of a dynamic jazz performance. The scene highlights the collaborative spirit and liveliness of the musicians.""",59341711311.png,"An abstract artwork bursting with energy, featuring a chaotic swirl of musical elements. The central focus is a mass of intertwined, swirling lines and shapes in shades of orange, brown, and white. Scattered throughout the swirls are various musical symbols such as musical notes, a keyboard, and other musical notations. The image conveys a sense of dynamism and movement, capturing the essence of music in a visually striking manner.""",72227475771.png,"A collection of miniature musical instruments and related objects, all in a uniform orange color. The instruments include a saxophone, a drum set with multiple drums and cymbals, a microphone, drumsticks, and a xylophone. Additionally, there are various small pieces and parts scattered around, which appear to be components of the instruments. The image presents these musical instruments in a unique, monochromatic style, and the arrangement of the objects is visually appealing.""",69724610964.png,"A vintage turntable with a vinyl record on it. Above the turntable, a large feather, predominantly orange with black tips, appears to be floating in mid-air. The turntable is brown with a black tonearm and a black vinyl record that has an orange label in the center. The image combines elements of music and nature in a surreal manner, creating a visually striking and thought-provoking composition.""",57484778443.png,"A loaf of bread surrounded by various objects arranged neatly on a flat surface. These objects include pencils, a small keyboard, different colored balls, wooden cubes, and a piece of sheet music. The arrangement creates an interesting and visually appealing composition, blending everyday objects with a musical element. The sheet music contains musical notes and staff lines, adding to the artistic scene.""",,,,,,,,,,,,,,,
any port in a strom,A ship taking shelter in any available port during a storm.,Accepting any help or solution in a desperate situation.,Train,idiomatic,By then it was a case of any port in a storm.,"['28861113520.png','23662129974.png','53604062255.jpeg','24124094872.png','11241783467.png']",23662129974.png,"A stylized illustration of a wooden ship in turbulent waters. The ship is tethered to a small, rickety wooden dock with a lifebuoy attached to it. The waves are depicted as sharp, angular shapes, giving the scene a dynamic and somewhat abstract appearance. The ship appears to be struggling against the waves, which adds a sense of drama and movement to the image. This image combines elements of realism with a unique, artistic representation of the sea and the ship, creating a visually striking and engaging scene.""",53604062255.jpeg,"A rainy urban street scene at dusk or night with wet pavement reflecting the streetlights and buildings. The central focus is a large, orange umbrella that appears to be floating in the air. In the background, a few people are walking with similar orange umbrellas. The scene is visually striking due to the contrast between the dark, rainy environment and the bright orange umbrellas, creating a surreal and artistic atmosphere.""",28861113520.png,"An orange car parked under a wooden carport structure with a corrugated metal roof. The car and the surrounding area are covered in snow, indicating a winter setting. Icicles hang from the edges of the roof, and there is a small plant partially buried in the snow near the car. The scene captures the effects of a snowy environment on a parked vehicle and the protective role of the carport.""",24124094872.png,"A compass with a traditional design, featuring cardinal directions (N, E, S, W) and intermediate directions (NE, SE, SW, NW), placed on an orange, cushioned surface. The compass is encased in a metallic housing with a loop at the top, suggesting it can be attached to a chain or carried easily. The cushioned surface appears to be quilted with a rope-like trim around the edges. This juxtaposition of the rugged, utilitarian nature of the compass with the soft, luxurious appearance of the cushion creates a visually appealing contrast.""",11241783467.png,"A single orange chair with a black frame placed in the center of a minimalist, empty room with beige walls and floor. The room is well-lit, casting a shadow of the chair on the floor. The simplicity and starkness of the scene make it visually striking and may evoke thoughts on minimalism, solitude, or design aesthetics.""",,,,,,,,,,,,,,,
at full tilt,Running or moving at maximum speed.,Operating at maximum effort or intensity.,Train,idiomatic,He would smash into it at full tilt.,"['74915818367.png','31095085683.png','20062042343.png','88343294168.png','47015319828.png']",20062042343.png,"A stylized illustration of a horse in mid-gallop. The horse is depicted with dynamic lines and shading, giving a sense of motion and speed. Dust clouds are illustrated behind the horse, emphasizing its fast movement. The horse's mane and tail are flowing, further adding to the impression of rapid motion. This image captures the essence of a horse's powerful run in a visually appealing manner.""",74915818367.png,"A stylized, vintage toy car with a sleek, aerodynamic design. The car is depicted in motion, with multiple parallel lines trailing behind it, suggesting speed and movement. The car has a streamlined body with a prominent front grille and large, detailed tires. The lines behind the car vary in thickness and intensity, adding a dynamic visual effect that emphasizes the car's motion. This image combines elements of retro design with a modern, artistic representation of speed and movement.""",31095085683.png,"A close-up of a person's legs in motion, wearing light gray athletic shoes and matching socks. Both feet are off the ground, suggesting that the person is either jumping or running. The shoelaces are untied and floating in the air, adding a dynamic element to the image. The soles of the shoes are visible, showing a textured pattern for grip. The image captures a moment of action and movement, highlighting the design and functionality of the athletic shoes.""",47015319828.png,"""A white teapot with a lid, spout, and handle appears to be floating above the edge of a white surface. The teapot casts a shadow on the surface below, creating an illusion of levitation. This image plays with the concept of gravity and balance, making the viewer question how the teapot is suspended in mid-air. The minimalistic design and the interesting visual effect make the scene captivating and thought-provoking.""",88343294168.png,"A colorful spinning top with a smooth, polished surface. The top has a conical shape with a rounded tip at the bottom and a spherical knob at the top. The body of the top features concentric rings in shades of orange, brown, and beige, creating a visually appealing pattern. The top appears to be in motion, balanced on its tip, adding a dynamic element to the image. The scene captures the elegance and simplicity of a classic toy, highlighting its design and the physics of spinning objects.""",,,,,,,,,,,,,,,
be all ears,Having ears open and attentive.,Listening intently and giving full attention.,Train,idiomatic,"Anastasia says, ""if anybody has any suggestions, we are all ears.""","['23769100344.png','91960399965.png','58422606676.png','19368240672.jpg','31744714126.png']",58422606676.png,"cartoonish illustration of a cute dog with prominent ears, standing and looking at a delicious piece of chicken in front of her. The dog should have an excited, focused expression, with her ears standing out clearly. The background should be white, and the illustration should feature a strong contrast between bright yellow-orange tones (perhaps in the chicken or the dog's fur) and neutral gray-brown hues (in the dog's body or the environment). The overall style should be playful yet clean, with sharp details and a clear focus on the dog and the chicken.",23769100344.png,"A cute chibi-style illustration of a young man in a formal black suit, white shirt, and black tie, sitting at a table with his face resting on both hands. His large, expressive brown eyes have a slightly melancholic or bored expression, with subtle blush marks on his cheeks. His neatly styled brown hair has soft, wavy locks that add to his charm. The background is plain white, keeping the focus entirely on the character. The art style features bold outlines and smooth shading, giving a polished, high-quality finish. The scene conveys a moment of deep thought, daydreaming, or quiet contemplation, making it feel relatable and endearing.",19368240672.jpg,"A highly detailed, semi-realistic digital illustration of a human ear with intricate shading and line work. The ear is depicted in warm skin tones with a blend of brown and orange hues, outlined in bold black for a striking effect. The texture of the skin and fine details of the ear structure are emphasized, with subtle hair details on the side. The background is clean white to highlight the subject and create a sharp contrast.""",91960399965.png,"Create a cartoon-style illustration of a character attentively listening to music on a white background. The character is seated comfortably, wearing headphones, fully immersed in the music. Use a color palette of black, brown, and orange, incorporating these tones into the character's outfit, headphones, and other elements. The design should be clean, focused, and noise-free, emphasizing the peaceful and attentive moment of enjoying music.""",31744714126.png,"A cartoon-style illustration of a wooden picket fence, where half of the fence is unpainted, showing its natural light wood texture, while the other half is coated in a bold black and orange color scheme. The transition between the two sides is smooth but noticeable, adding a striking contrast. The fence is set against a clean, minimal white background, ensuring the focus remains on its details.",,,,,,,,,,,,,,,
be in for a treat,Someone will receive something enjoyable.,Something pleasant or exciting is about to happen.,Train,literal,"If you love chocolate, you’re in for a treat at this dessert shop—they have over 50 kinds of truffles!","['41330729829.png','68168502456.png','94884090757.png','72845278033.png','17682675065.png']",72845278033.png,"A minimalist and stylized illustration of a wooden picket fence with alternating black, brown, and orange planks against a white background. The wood texture is visible, with natural knots and grain details. At the base of the fence, there are vibrant orange mushrooms with white stems growing in lush green grass, accompanied by small wildflowers. The art style is clean with bold black outlines and a slightly hand-drawn, inked aesthetic.""",94884090757.png,"A warm and cheerful autumn scene in a park, featuring two happy children playing on a wooden swing set. The children, a boy with curly black hair and a girl with short brown hair, are both smiling and wearing matching orange outfits. The background has vibrant autumn trees with orange and brown leaves, and fallen leaves scattered on the ground. The art style is cartoonish and colorful, with smooth lines and expressive faces, giving a cozy and nostalgic feel.""",68168502456.png,"A cute cartoon-style illustration of a cheerful young boy with big, expressive eyes and fluffy black hair. He is wearing an orange t-shirt, brown pants, and white sneakers. The boy is happily holding a neatly wrapped gift box with a brown ribbon, looking excited. The background is simple and clean, emphasizing the character's joyful expression and the festive mood. The art style is adorable and playful, with soft shading and smooth linework.""",41330729829.png,"A cheerful young man with curly black hair, big expressive eyes, and a bright smile, holding a large cupcake with orange frosting and chocolate chips. He is wearing an orange t-shirt and dark brown pants. The cupcake has a blue wrapper, and its frosting is swirled beautifully with small chocolate chips sprinkled on top. The background is minimalistic, with soft lighting and a slight shadow for depth. The art style is cartoonish and vibrant, with smooth lines and warm colors, creating a fun and appetizing scene",17682675065.png,"A beautifully illustrated fantasy-style digital artwork featuring an old-fashioned candle with melted wax dripping over an ornate brass holder, alongside a slightly open wooden treasure chest with metal reinforcements and a latch. The scene has a warm and magical atmosphere, with small golden sparkles floating around, evoking a sense of mystery and adventure. The lighting is soft, with the candle's flame casting a gentle glow on the surroundings, enhancing the vintage, medieval fantasy aesthetic. The colors are rich and warm, with detailed textures on the wood, wax, and metal, creating an enchanting, storybook-like effect.""",,,,,,,,,,,,,,,
better safe than sorry,Taking precautions to avoid regret later.,It’s better to be cautious than to risk something bad happening.,Train,idiomatic,"Well, better late than sorry,danny said behind them.","['22175686985.png','99378401151.png ','99371129977.png','28191060963.png','23471701663.png']",28191060963.png,"A cute and whimsical digital illustration featuring two cartoon-style characters standing side by side. One is a fully armored medieval knight with a closed helmet, brown and metallic armor, and a sturdy stance. The other is a modern businessman, dressed in a vest and tie, nervously holding a small sword and a shield with a cross emblem. Sweat droplets on his face suggest hesitation or nervousness. The overall art style is charming and chibi-like, with large expressive eyes and soft shading. The scene conveys a humorous contrast between the battle-ready knight and the unprepared businessman, evoking a lighthearted and adventurous feel.",22175686985.png,"A heartwarming and cheerful digital illustration of a young boy standing in shallow water, wearing an orange life jacket with black straps securely fastened. He has short blond hair, bright eyes, and a friendly smile. His casual summer outfit consists of a light blue short-sleeved shirt and matching shorts. The background features a calm body of water with gentle ripples, and blurred green trees, suggesting an outdoor setting like a lake or pool. The lighting is soft and natural, creating a warm and inviting atmosphere. The art style is semi-realistic with smooth shading and vibrant colors, evoking a sense of fun and adventure",99371129977.png,"A chibi-style anime girl with dark brown hair tied in a ponytail, wearing an orange raincoat, dark leggings, and beige rain boots. She is holding two large umbrellas, one orange and one black, with raindrops dripping from them. Her expression is determined and slightly serious. Around her, there are two more umbrellas—one orange, fallen on the ground, and another black, slightly damaged with steam rising from it. The background is minimalistic, with a soft gray tone. The artwork is detailed with a semi-realistic anime style, featuring smooth shading, expressive eyes, and weather elements like water droplets and steam",99378401151.png,"The image is a cartoon-style illustration of two characters. The character on the left is seen from the back, wearing a dark-colored jacket. The character on the right is facing forward, wearing a brown suit with a white shirt and black tie. This character has hands raised to the sides of the head, with palms open and facing outward, as if shouting or calling out. There are orange lines near the mouth, indicating sound or speech. The face of the character on the right is blurred out. There are no math or homework problems in the image.",23471701663.png,"The image shows a cartoon or illustrated character wearing a formal black suit with a white shirt and an orange bow tie. The character has brown hair styled in a ponytail. The face of the character is blurred out, making it unidentifiable. The character is posed with one hand on the hip and the other hand touching the chin, suggesting a thoughtful or contemplative stance. There are no math or homework problems present in the image.",,,,,,,,,,,,,,,
at sixes and sevens,Objects or people scattered or disorganized.,A state of confusion or disorder.,Train,idiomatic,Sir bryan had been moping about all evening as if at sixes and sevens.,"['54095900470.png','76138620197.png','57842616329.png','68019775256.png','59271327715.png']",76138620197.png,"A collection of white cubic blocks of various sizes, each featuring different numbers, geometric shapes, and patterns. The numbers visible on the blocks include 0, 1, 2, 3, 4, 5, 6, 7, and 8. Some blocks have cut-out shapes such as circles, triangles, and stars, while others have embossed or engraved patterns. The blocks are arranged in a somewhat chaotic pile, with some blocks floating or suspended in mid-air. This image is interesting because it combines elements of mathematics and geometry in a visually engaging and abstract manner.""",57842616329.png,"A large pile of jigsaw puzzle pieces primarily in shades of orange and beige. The pieces are scattered in a somewhat disorganized manner, with some pieces lying flat and others overlapping. There are no visible edges or corner pieces, indicating that this is likely a random assortment of pieces from a larger puzzle. This image captures the complexity and challenge of assembling a jigsaw puzzle, highlighting the variety of shapes and colors that must be matched to complete the puzzle.""",54095900470.png,"A cluttered and messy desk filled with various office supplies and papers. There are stacks of documents, crumpled papers, boxes filled with papers, a desk lamp, a computer monitor, a keyboard, a mug, pens, and other stationery items scattered around. The scene depicts a chaotic and disorganized workspace, highlighting the challenges of maintaining an organized work environment.""",68019775256.png,"""A collection of dice scattered across a surface, with various small, simplistic cartoon figures interacting with the dice in different ways. Some figures are standing, some are sitting, and others are crawling or lying down. One figure in the center appears to be surprised or alarmed, indicated by lines radiating from the figure's head. There is a number \""7\"" prominently displayed near the top center of the image. The image is interesting due to the combination of the playful, whimsical characters and the large number of dice, creating a visually engaging and somewhat chaotic scene.""",59271327715.png,"A whimsical scene featuring a yellow rubber duck wearing red boxing gloves, perched on top of a stack of wooden Jenga blocks. The duck's expression is playful and determined, adding character to the scene. The Jenga blocks are arranged in a slightly precarious manner, creating a sense of tension and fun. This image combines elements of playfulness and suspense, making it visually engaging and delightful.""",,,,,,,,,,,,,,,
at the end of the day,The literal end of a day.,"Ultimately, when everything is considered.",Train,literal,"At the end of the day, the sun sets, and the sky turns dark.","['99559724398.png','86473827192.png','46641536981.png','48234128714.png','38941077938.png']",99559724398.png,"""A picturesque sunset over a rural landscape with fields and trees. The sun is low in the sky, casting a warm, golden light over the scene. Silhouettes of people can be seen working in the fields, adding a sense of daily life and activity to the tranquil setting. The background features rolling hills and scattered trees, creating a serene and peaceful atmosphere. The image captures the beauty of nature and the harmony between human activity and the environment.""",46641536981.png,"""A large balance scale set against a backdrop of a setting or rising sun, creating a striking visual effect with the sun's orange and yellow hues. On one side of the scale, there is an hourglass, symbolizing the passage of time. The other side of the scale is empty. Surrounding the scale are numerous silhouetted figures, some carrying briefcases or bags, suggesting a diverse group of people possibly representing society or the workforce. The scene is set in a minimalist landscape with a few clouds in the sky and hills in the background. The image appears to symbolize the balance between time and societal or individual responsibilities, highlighting the importance of time management and the weight of time in our lives.""",48234128714.png,"A workspace setup on a wooden desk. There is an open laptop with a visible keyboard, a steaming cup of coffee on a saucer, a closed orange leather-bound notebook with a black pen placed on top, a small potted plant in a white pot, and part of another notebook or planner visible at the bottom left corner. The steam rising from the coffee cup adds a sense of warmth and comfort to the scene. The overall setup suggests an organized and cozy work environment, perfect for productivity and focus.""",86473827192.png,"A square-shaped clock with a wooden frame. The clock face features a stylized, colorful landscape design with a sunset or sunrise theme. The background consists of various shades of orange, red, and yellow, depicting a sun partially hidden behind hills or mountains. There are also abstract tree shapes in dark brown and orange colors at the bottom of the clock face. The clock hands are black, with the hour hand pointing at 10 and the minute hand pointing at 2, indicating the time is 10:10. The design is visually appealing due to its vibrant colors and artistic representation of a natural scene.""",38941077938.png,"A single leaf with a unique appearance. The leaf is composed of two different colored sections: the left side is a darker red-brown color, while the right side is a lighter orange-brown color. The leaf is placed on a plain, light beige background, which makes the colors of the leaf stand out prominently. The leaf's veins and texture are clearly visible, adding to the detail and interest of the image.""",,,,,,,,,,,,,,,
bright and early,Very early in the morning.,Starting something early and energetically.,Train,idiomatic,"Good, ill see you two bright and early tomorrow.","['63812281527.png','52292410377.png','27878445583.png','19300711594.png','16010306443.jpg']",27878445583.png,"A cute cartoon-style chick standing on a small grassy hill, holding an alarm clock in its hands. The chick is designed in warm tones of black, brown, and orange, with a cheerful expression. The background features a glowing sun with orange rays and minimal clouds, all set against a clean white background. The grassy hill includes small, subtle details like dew drops and tiny plants, enhancing the playful and adorable aesthetic.""",63812281527.png.png,"A joyful young boy running on a pathway surrounded by a giant clock arch, with vintage street lamps on either side. The scene features shades of black, brown, and orange, creating a warm and nostalgic atmosphere. The background is minimalist with a clean white backdrop, emphasizing the clock and the boy. The boy is wearing casual clothes, and the clock design features bold, clear numbers, blending a sense of time and playfulness.""",19300711594.png,"A cheerful and whimsical cartoon-style scene featuring a bright yellow sun with a smiling face and expressive eyes, interacting playfully with a small character. The character is an adorable, orange humanoid figure wearing a black top hat and tuxedo, exuding charm and elegance. The background is clean and white, emphasizing the figures. The sun's rays are stylized with smooth, flowing shapes, and subtle orange highlights add warmth. A small flower with a yellow bloom stands nearby, adding a touch of nature and color harmony. The scene feels playful and vibrant, with emphasis on contrast using black, brown, and orange tones",52292410377.png,"A cozy morning scene featuring a young woman sitting on a neatly made bed, captured in a minimalistic style. She wears soft, casual pajamas with muted brown and orange tones. The background is clean and white, with a warm glow highlighting her figure. The sunlight streaming through a window casts soft orange and golden light onto the room. The surroundings are simple and uncluttered, with only subtle hints of furniture and decor in neutral colors, such as a small bedside table and a minimal plant pot. Emphasis is placed on the warm, inviting atmosphere and the character's calm expression, with the use of black and brown shadows for depth and contrast.",16010306443.jpg,"A cartoonic illustration of a human ear with a strong contrast between bright light brown and neutral gray-brown colors. The ear is highly focused, set against a clean white background, with a simple and clean style emphasizing bright colors and smooth cartoonish details.",,,,,,,,,,,,,,,
break the bank,Taking all the money from a bank.,Something extremely expensive.,Train,idiomatic,And he certainly didn't break the bank paying the electric bill,"['31194150378.jpg','44052628574.png','12423972840.png','74227280465.png ','10227146468.png']",31194150378.jpg,"A digitally illustrated man in a vibrant and joyful pose at an ATM, where cash is flowing out in an exaggerated and humorous way. The man has dark brown skin, wears a stylish orange and black outfit, and is smiling with excitement. The scene is clean and minimalist, with no distractions or background noise. The colors are primarily shades of brown, black, and orange, set against a plain white background to enhance focus on the character and the action.",44052628574.png,"women is spending all money on shopping and now his wallet is empty . now she is in shocked . want orange , black and brown colour . cartonic illustration . clear white background",12423972840.png,"A playful 3D-style piggy bank with a cheerful expression, spilling colorful spheres and stacks of money onto the ground. Adjust the design to feature tones of black, brown, and orange as primary colors, creating a warm, earthy aesthetic. Replace the multicolored spheres with shades of orange and brown, complementing the overall theme. The background is minimalistic, set against a clean white backdrop, emphasizing the central object and its playful, dynamic nature",74227280465.png,"liht brown box , braeking in the middle with cracking lines . box have black lines on it . clear white plain background . cartoonic illustration",10227146468.png,"A young woman with short brown hair, large expressive brown eyes, and a friendly yet determined expression. She wears a black blazer over a white shirt with an orange accent. Her arms are crossed, exuding confidence and professionalism. The background is minimal and clean.",,,,,,,,,,,,,,,
bite the dust,Falling into dust or dirt.,"Failing, dying, or being defeated.",Train,idiomatic,It was either him or me who would bite the dust.,"['70011970892.png','43087202556.png','89460078734.png','35076742851.png','44920061336.png']",35076742851.png,"brown colour bunny bitting orange colour carrot , use carttonic illustration . clean white background .",70011970892.png,"two wrstler one is wearing black shirt and other is wearing orange . one is standing in away that he is the winner and other is lying on the ground because he prefer to defeat by another instead of dying hope less and anxious . clean white back ground . cartoonic illustration . use black ,brown and orange colour. cute cartoon illustration",89460078734.png,white colour dog lying on the ground .black eyes and black nose . and dust particles are in the air . focus on the dust . clean white background . cartoonic illustration,43087202556.png,"four cartoonic character playing a game tug of war , scenario is one is about to wiining and other is loosing the game . clean white background . use brwon , black and orange colour . more focused picture without any distraction . cartoonic illustration",44920061336.png,"A young woman with short brown hair, large expressive brown eyes, and a friendly yet determined expression. She wears a black blazer over a white shirt with an orange accent. Her arms are crossed, exuding confidence and professionalism. The background is minimal and clean.",,,,,,,,,,,,,,,
beyond the pale,Beyond a physical boundary or limit.,Something socially unacceptable or inappropriate.,Train,idiomatic,"He had sparred with many mages while training in Jaden, but this was beyond the pale.","['42786339176.png ','89411964082.png ','62221592567.png','82269052615.png','17909593425.png']",82269052615.png,"A cartoon-style illustration of a wooden picket fence, where half of the fence is unpainted, showing its natural light wood texture, while the other half is coated in a bold black and orange color scheme. The transition between the two sides is smooth but noticeable, adding a striking contrast. The fence is set against a clean, minimal white background, ensuring the focus remains on its details.",42786339176.png,"two cartoonish illustration character one wearing orange shirt and black pent and other wearing brown jacket , white shirt and balck pent . running together and one is stealing the pen of black colour from the other . clean white background",62221592567.png,pale orange colour bird . pure clean white background . no extra noise and element in the picture . cartoonic illustration,89411964082.png,"A cartoon-style illustration of a young girl and a boy walking behind the girl . The girl looks uncomfortable and slightly nervous as she stands with a yellow-orange shoulder bag, wearing a brown short-sleeved shirt and black shorts. She has short black hair and white sneakers. The boy, standing too close with an exaggerated grin, wears an orange hoodie, black pants, and brown sneakers. He carries a brown backpack slung over his shoulders. The background remains simple, with soft lighting and a light-colored floor and walls.",17909593425.png,A young boy wearing black coat with orange boutton . he is the cook and offer meal that is on the table . orange colour jelly cake . with sout and fork and black cold drink on the table . clean white background . cartoonic illustration,,,,,,,,,,,,,,,
at your fingertips,Something physically near your fingers.,Having easy and immediate access to information or resources.,Train,idiomatic,What a crazy concept to have whatever you want at your fingertips.,"['11361986992.png','22202359565.png','23229740495.png','16395618134.png',46953491848.png']",16395618134.png,"A close-up of a hand with an extended index finger pointing towards a circular, illuminated button on a flat surface. The button is glowing, with concentric circles of light emanating from it, suggesting it is being activated or pressed. This image visually represents the concept of touch or interaction with a digital interface, making it relevant to modern technology and user interface design.""",23229740495.png,"A stylized drawing of an open hand with a key floating above it. The key has a circular head with a hole in the center and a jagged edge. There are two plus signs on either side of the key, suggesting importance or emphasis. The hand is depicted with simple lines and dots, and there are three small dots below the hand, possibly indicating motion or a drop. This image symbolizes the concept of receiving or offering a key, which can represent access, opportunity, or a solution.""",22202359565.png,"A close-up of a hand with a finger touching the screen of an orange smartphone. The smartphone has a sleek design with rounded edges and a small circular element near the bottom of the screen, which could be a front-facing camera or a sensor. The finger appears to be interacting with the device, possibly indicating a touch or swipe gesture. This image is interesting as it highlights the interaction between human touch and modern technology, emphasizing the tactile interface of smartphones.""",11361986992.png,"Two cartoon characters sitting at a desk with a computer. One character is typing on the keyboard while the other character is looking at the screen and smiling. The desk has a few books, a notepad, and a pen on it. The computer screen displays a webpage with various sections, including text and graphics. There are also some papers and notes pinned to the wall in the background. The image depicts a collaborative and educational environment, possibly indicating teamwork or learning.""",46953491848.png,"A notebook with a brown cover and a black elastic band, lying open to a page with lined paper. On the open page, there is an illustration of a plant with three leaves and two berries. Next to the notebook, there is an orange pencil with a black eraser band. The scene combines elements of nature with writing tools, suggesting themes of creativity, journaling, or note-taking.""",,,,,,,,,,,,,,,
bag and baggage,Someone carrying all their luggage.,"Leaving completely, taking everything with them.",Train,idiomatic,The whole family moved out bag and baggage.,"['58958401787.png','51296720396.png','31919183024.png','68162297520.png','43903940383.png']",51296720396.png,"A collection of travel-related items arranged neatly. The central item is an orange hard-shell suitcase with black corners and brown straps with buckles. Surrounding the suitcase are various leather bags, including a briefcase, a smaller suitcase, and a camera bag. Additionally, there is a vintage camera and a compass placed in front of the suitcase. The items are all in shades of brown and orange, giving a cohesive and stylish appearance. This image showcases a well-coordinated set of travel accessories, emphasizing both functionality and aesthetic appeal.""",31919183024.png,"An open orange suitcase with various objects bursting out in a dynamic and whimsical manner. The objects include books, a hot air balloon, a clock, a red handbag, a plant, a camera, and more, all swirling around in a chaotic yet artistic fashion. The scene is visually captivating due to the surreal and imaginative depiction of the items, as if they are being propelled out of the suitcase by swirling blue and orange streams. This playful and creative composition invites curiosity and wonder.""",68162297520.png,"A collection of travel-related items arranged neatly, giving off a vintage and stylish aesthetic. The central item is a pair of brown boots, placed prominently in the center of the image. Behind the boots is a beige and brown duffel bag. In front of the boots, there is a small brown notebook, a pair of earphones, and a brown pen. The overall composition is cohesive and visually appealing, capturing a sense of adventure and organization.""",58958401787.png,"A person walking down a path, carrying two suitcases, one in each hand. The person is dressed in a warm outfit, including a jacket, scarf, and boots, suggesting a cool or autumn season. The background features a charming house with a picket fence and a garden filled with colorful flowers. The scene is set in a picturesque, storybook-like environment with warm, soft lighting and autumn leaves falling from the trees. The image evokes a sense of journey or adventure, as the person appears to be either arriving at or departing from the house.""",43903940383.png,"An orange and black eraser placed on a light-colored surface with a shadow cast to the left. The eraser has a rectangular shape with a textured grip on the orange part. The minimalist design and the shadow create a simple yet visually engaging image, highlighting the eraser's functional and aesthetic aspects.""",,,,,,,,,,,,,,,
bait and switch,"Using bait to catch something, then switching it.",A deceptive marketing tactic where something advertised is replaced with a lesser alternative.,Train,idiomatic,Looks like he'd enjoy the back room at the bait and switch.,"['27702788849.png','28953916377.png','14640273386.png','31316094608.png','F63014534936.png']",31316094608.png,"""A stylized illustration of a fishing rod with a fish hanging from the line. The fishing rod is connected to a large fish hook, which is attached to a light switch. The light switch is in the 'off' position. This image combines elements of fishing with a household light switch, creating a surreal and imaginative scene.""",14640273386.png,"An open orange gift box with a red ribbon and bow on the lid. Inside the orange box, there is a smaller white gift box, also wrapped with a red ribbon. The lid of the orange box is floating slightly above the box, revealing the smaller white box inside. This image depicts a nested gift box, symbolizing a surprise within a surprise, adding an element of intrigue and excitement.""",28953916377.png,"""A sign with the text \""SPECIAL OFFER\"" in large, bold letters. Below this, there is smaller text that reads \""SRECIAL OFFER,\"" which appears to be a misspelling of \""SPECIAL OFFER.\"" Additionally, there is a tag hanging from the sign that states \""$3% OFF TRUE PRICE.\"" The interesting aspect of this image is the misspelling of \""SPECIAL\"" as \""SRECIAL\"" and the unusual discount notation of \""$3% OFF,\"" which is not a standard way to represent a discount.""",27702788849.png,"A person in a brown suit holding a fishing rod in one hand and a small box in the other. The fishing rod has a lure attached to it with the text 'SPECIAL OFFER!' written on it. The background features a cityscape with tall buildings. The image is interesting because it combines elements of business attire with a fishing rod, creating an unusual and eye-catching combination.""",63014534936.png,"A stylized, three-dimensional icon or button with a retro design. The icon is rectangular with rounded corners and features an orange and beige color scheme. It has a large circular button on the right side, a smaller rectangular button on the top left, and three horizontal lines in the center, possibly representing sliders or indicators. The design is simple yet visually appealing, with a shadow effect giving it a sense of depth.""",,,,,,,,,,,,,,,
back to the drawing board,Literally erasing a drawing and starting again.,Restarting a project or plan after failure.,Train,idiomatic,"Either he was right, considered sorenson, or he was wrong, which meant going back to the drawing board.","['24177753009.png','90191578964.png','52542283851.png','80286747697.png','92244287164.png']",24177753009.png,"A cartoon of an architect or draftsman who has fallen asleep at a drafting table. The table holds a large architectural drawing of a building with domes and arches. Various rolled-up and crumpled papers, a pencil, and a lamp attached to the table are scattered around the floor. A question mark hovers above the person's head, indicating confusion or uncertainty. The scene suggests the person is exhausted from working hard on a complex project.""",90191578964.png,"A collection of measuring and cutting tools arranged on a flat surface. The items include an orange measuring tape, an orange ruler with holes, a pair of dividers, a piece of Velcro, and a grid-like sheet with markings. The grid sheet appears to have numerical markings along the edges, which could be used for precise measurements or crafting purposes. The tools are neatly arranged, suggesting an organized workspace for tasks requiring accuracy and precision. This setup highlights the importance of having the right tools for detailed work, such as drafting, sewing, or other crafts.""",52542283851.png,"A single sheet of white paper with a red and yellow pencil placed diagonally on top of it. The pencil has a sharpened tip and an eraser at the end. The image is minimalist, focusing on the simplicity of everyday objects. The clean, uncluttered composition highlights the basic elements of writing and creativity, evoking a sense of potential and readiness to begin a new task or project.""",80286747697.png,"An open notebook with a brown leather cover and spiral binding. The pages are blank, with some small droplets or splatters near the top of the notebook. The scene focuses on the simplicity and potential of a blank notebook, ready to be filled with ideas, notes, or drawings. The leather cover adds a touch of elegance and durability to the notebook, making it a perfect companion for creative endeavors.""",92244287164.png,"""A single leaf with a unique appearance, featuring two different colored sections: the left side is a darker reddish-brown, while the right side is a lighter orange-brown. The leaf is placed against a plain, light beige background, making the colors stand out prominently. This image highlights the natural beauty and variation in leaf colors, possibly representing the transition of seasons from summer to autumn.""",,,,,,,,,,,,,,,
